{
    "gyro_bias": {
        "gx": 1.1586837488249366,
        "gy": 3.7032582531027978,
        "gz": -0.38443326440631453
    },
    "accel_bias": {
        "ax": -0.07895903718832432,
        "ay": 0.3319615726086486,
        "az": -0.6716881350810812
    },
    "mag_hard_iron": {
        "mx": 84.60807891197258,
        "my": -108.64000008352967,
        "mz": -19.018522161062325
    }
}